{
  "_meta": {
    "version": 2,
    "task": "regression",
    "target_column": "WQI",
    "feature_columns": [
      "Nhiệt độ",
      "pH",
      "DO",
      "Độ dẫn",
      "Độ kiềm",
      "N-NO2",
      "N-NH4",
      "P-PO4",
      "H2S",
      "TSS",
      "COD",
      "Aeromonas tổng số",
      "Coliform"
    ],
    "source_name": "dataset_DADN_Cleaned.xlsx"
  },
  "RandomForestRegressor": {
    "score": 0.9599935385268462,
    "accuracy": 0.9599935385268462,
    "r2": 0.9599935385268462,
    "mae": 1.0179803921568629,
    "rmse": 3.4303122344975816,
    "path": "modelsAI\\RandomForestRegressor.pkl",
    "use_scaler": false,
    "task": "regression"
  },
  "GradientBoostingRegressor": {
    "score": 0.9906616412543433,
    "accuracy": 0.9906616412543433,
    "r2": 0.9906616412543433,
    "mae": 0.8019187464981734,
    "rmse": 1.657310413218103,
    "path": "modelsAI\\GradientBoostingRegressor.pkl",
    "use_scaler": false,
    "task": "regression"
  },
  "LinearRegression": {
    "score": 0.5099673926151387,
    "accuracy": 0.5099673926151387,
    "r2": 0.5099673926151387,
    "mae": 7.733620280970942,
    "rmse": 12.005522663047966,
    "path": "modelsAI\\LinearRegression.pkl",
    "use_scaler": true,
    "task": "regression"
  },
  "SVR": {
    "score": 0.7382503517588288,
    "accuracy": 0.7382503517588288,
    "r2": 0.7382503517588288,
    "mae": 4.526128636417602,
    "rmse": 8.774282955062064,
    "path": "modelsAI\\SVR.pkl",
    "use_scaler": true,
    "task": "regression"
  },
  "KNNRegressor": {
    "score": 0.6788018937769333,
    "accuracy": 0.6788018937769333,
    "r2": 0.6788018937769333,
    "mae": 5.073529411764706,
    "rmse": 9.719749452108562,
    "path": "modelsAI\\KNNRegressor.pkl",
    "use_scaler": true,
    "task": "regression"
  }
}